ag-cell-content-link,ag-cell-content-link href,ag-cell-content 3,ag-cell-content 6,ag-cell-content 7,ag-cell-content 8,ag-cell-content 9,ag-cell-content 10,ag-cell-content 11,ag-cell-content 12,ag-cell-content 13
Visakhapatnam,https://www.marinetraffic.com/en/ais/details/ports/3048/name=Visakhapatnam,52,0.1 days,HIGH,2.3 days,HIGH,1.0 days,2.2 days,-80.0%,4.5%
Vadinar,https://www.marinetraffic.com/en/ais/details/ports/559/name=Vadinar,52,0.8 days,MEDIUM,1.7 days,MEDIUM,0.8 days,0.4 days,-38.5%,13.3%
Tuticorin,https://www.marinetraffic.com/en/ais/details/ports/2986/name=Tuticorin,52,0.5 days,LOW,1.4 days,LOW,1.3 days,1.5 days,0.0%,7.7%
Sikka,https://www.marinetraffic.com/en/ais/details/ports/560/name=Sikka,52,1.9 days,LOW,1.6 days,LOW,1.5 days,0.7 days,5.6%,14.3%
Ratnagiri,https://www.marinetraffic.com/en/ais/details/ports/18952/name=Ratnagiri,52,0.6 days,LOW,8.5 days,LOW,0.4 days,10.6 days,-45.5%,844.4%
Port blair,https://www.marinetraffic.com/en/ais/details/ports/21891/name=Port-blair,52,LOW,4.9 days,LOW,32.4%,-,-,-,-
Porbandar,https://www.marinetraffic.com/en/ais/details/ports/538/name=Porbandar,52,1.6 days,MEDIUM,2.4 days,MEDIUM,1.9 days,0.8 days,100.0%,140.0%
Pipavav,https://www.marinetraffic.com/en/ais/details/ports/533/name=Pipavav,52,0.6 days,LOW,0.8 days,LOW,0.9 days,1.4 days,-57.1%,-20.0%
Paradip,https://www.marinetraffic.com/en/ais/details/ports/17379/name=Paradip,52,1.2 days,LOW,1.6 days,LOW,1.5 days,0.8 days,-7.7%,6.7%
Nhava sheva,https://www.marinetraffic.com/en/ais/details/ports/2713/name=Nhava-sheva,52,0.2 days,HIGH,1.0 days,HIGH,3.5 days,2.0 days,-75.0%,0.0%
Navlakhi,https://www.marinetraffic.com/en/ais/details/ports/21448/name=Navlakhi,52,0.8 days,MEDIUM,0.4 days,MEDIUM,0.0 days,0.7 days,0.0%,-63.6%
Mundra,https://www.marinetraffic.com/en/ais/details/ports/268/name=Mundra,52,0.2 days,LOW,1.0 days,LOW,1.0 days,1.0 days,0.0%,11.1%
Mumbai,https://www.marinetraffic.com/en/ais/details/ports/2341/name=Mumbai,52,0.7 days,LOW,1.4 days,LOW,1.8 days,1.8 days,-36.4%,7.7%
Mormugao,https://www.marinetraffic.com/en/ais/details/ports/561/name=Mormugao,52,0.2 days,LOW,2.6 days,LOW,2.7 days,5.4 days,0.0%,36.8%
Mangalore,https://www.marinetraffic.com/en/ais/details/ports/17383/name=Mangalore,52,0.9 days,LOW,1.6 days,LOW,1.7 days,1.0 days,-10.0%,23.1%
Magdalla,https://www.marinetraffic.com/en/ais/details/ports/19704/name=Magdalla,52,0.7 days,LOW,0.5 days,LOW,0.4 days,0.4 days,133.3%,-50.0%
Krishnapatnam,https://www.marinetraffic.com/en/ais/details/ports/1317/name=Krishnapatnam,52,0.9 days,LOW,3.2 days,LOW,5.2 days,2.9 days,350.0%,18.5%
Kolkata,https://www.marinetraffic.com/en/ais/details/ports/2806/name=Kolkata,52,0.7 days,LOW,4.2 days,LOW,0.3 days,10.0 days,-22.2%,50.0%
Kochi,https://www.marinetraffic.com/en/ais/details/ports/2990/name=Kochi,52,0.2 days,LOW,0.8 days,LOW,0.7 days,1.4 days,-33.3%,-33.3%
Kattupalli,https://www.marinetraffic.com/en/ais/details/ports/18979/name=Kattupalli,52,0.0 days,LOW,0.6 days,LOW,0.3 days,0.2 days,-100.0%,-45.5%
Karwar,https://www.marinetraffic.com/en/ais/details/ports/557/name=Karwar,52,2.7 days,MEDIUM,1.8 days,MEDIUM,1.0 days,-3.6%,5.9%,-
Karaikal,https://www.marinetraffic.com/en/ais/details/ports/18978/name=Karaikal,52,MEDIUM,4.8 days,MEDIUM,0.0 days,-2.0%,-,-,-
Kandla,https://www.marinetraffic.com/en/ais/details/ports/269/name=Kandla,52,1.6 days,HIGH,1.7 days,HIGH,2.4 days,1.9 days,-33.3%,-26.1%
Kakinada,https://www.marinetraffic.com/en/ais/details/ports/18914/name=Kakinada,52,1.0 days,HIGH,6.0 days,HIGH,1.8 days,7.3 days,-56.5%,-7.7%
Jaigad,https://www.marinetraffic.com/en/ais/details/ports/18951/name=Jaigad,52,0.4 days,LOW,0.6 days,LOW,0.6 days,1.5 days,100.0%,-25.0%
Jafrabad,https://www.marinetraffic.com/en/ais/details/ports/3078/name=Jafrabad,52,0.9 days,LOW,0.6 days,LOW,0.4 days,0.3 days,28.6%,50.0%
Hazira,https://www.marinetraffic.com/en/ais/details/ports/537/name=Hazira,52,0.8 days,HIGH,1.1 days,HIGH,2.0 days,2.0 days,-20.0%,-8.3%
Haldia,https://www.marinetraffic.com/en/ais/details/ports/18985/name=Haldia,52,0.9 days,LOW,2.0 days,LOW,2.0 days,1.4 days,-10.0%,5.3%
Gangavaram,https://www.marinetraffic.com/en/ais/details/ports/18980/name=Gangavaram,52,0.0 days,LOW,3.2 days,LOW,3.1 days,-100.0%,10.3%,-
Ennore,https://www.marinetraffic.com/en/ais/details/ports/791/name=Ennore,52,0.5 days,LOW,1.1 days,LOW,2.5 days,1.0 days,0.0%,-21.4%
Dharamtar,https://www.marinetraffic.com/en/ais/details/ports/21601/name=Dharamtar,52,1.1 days,LOW,0.6 days,LOW,1.2 days,0.4 days,37.5%,20.0%
Dhamra,https://www.marinetraffic.com/en/ais/details/ports/20607/name=Dhamra,52,0.3 days,LOW,2.5 days,LOW,0.9 days,1.9 days,-70.0%,-39.0%
Dahej,https://www.marinetraffic.com/en/ais/details/ports/535/name=Dahej,52,0.3 days,LOW,1.1 days,LOW,2.8 days,2.6 days,-25.0%,-21.4%
Dabhol,https://www.marinetraffic.com/en/ais/details/ports/18950/name=Dabhol,52,0.0 days,MEDIUM,1.2 days,MEDIUM,-100.0%,9.1%,-,-
Cuddalore,https://www.marinetraffic.com/en/ais/details/ports/24893/name=Cuddalore,52,1.0 days,MEDIUM,0.9 days,MEDIUM,-72.2%,-87.5%,-,-
Chennai,https://www.marinetraffic.com/en/ais/details/ports/792/name=Chennai,52,0.1 days,LOW,1.7 days,LOW,0.9 days,5.0 days,0.0%,-15.0%
Beypore,https://www.marinetraffic.com/en/ais/details/ports/18969/name=Beypore,52,1.1 days,LOW,3.7 days,LOW,1.3 days,3.1 days,-7.5%,-
Visakhapatnam,https://www.marinetraffic.com/en/ais/details/ports/3048/name=Visakhapatnam,51,0.5 days,LOW,2.2 days,LOW,2.1 days,2.1 days,-28.6%,22.2%
Vadinar,https://www.marinetraffic.com/en/ais/details/ports/559/name=Vadinar,51,1.3 days,HIGH,1.5 days,HIGH,1.3 days,0.4 days,44.4%,-11.8%
Tuticorin,https://www.marinetraffic.com/en/ais/details/ports/2986/name=Tuticorin,51,0.5 days,HIGH,1.3 days,HIGH,0.8 days,6.5 days,25.0%,0.0%
Sikka,https://www.marinetraffic.com/en/ais/details/ports/560/name=Sikka,51,1.8 days,LOW,1.4 days,LOW,1.8 days,0.7 days,38.5%,-12.5%
Ratnagiri,https://www.marinetraffic.com/en/ais/details/ports/18952/name=Ratnagiri,51,1.1 days,LOW,0.9 days,LOW,1.1 days,0.6 days,10.0%,125.0%
Ranpar,https://www.marinetraffic.com/en/ais/details/ports/18953/name=Ranpar,51,1.1 days,MEDIUM,1.1 days,MEDIUM,1.3 days,0.8 days,-35.3%,-31.3%
Port blair,https://www.marinetraffic.com/en/ais/details/ports/21891/name=Port-blair,51,0.3 days,MEDIUM,3.7 days,MEDIUM,0.3 days,-5.1%,-,-
Porbandar,https://www.marinetraffic.com/en/ais/details/ports/538/name=Porbandar,51,0.4 days,MEDIUM,2.3 days,MEDIUM,1.6 days,0.3 days,-90.0%,15.0%
Pipavav,https://www.marinetraffic.com/en/ais/details/ports/533/name=Pipavav,51,0.5 days,HIGH,0.7 days,HIGH,2.6 days,0.3 days,0.0%,-12.5%
Paradip,https://www.marinetraffic.com/en/ais/details/ports/17379/name=Paradip,51,1.3 days,LOW,1.5 days,LOW,1.4 days,1.7 days,-7.1%,-11.8%
Okha,https://www.marinetraffic.com/en/ais/details/ports/558/name=Okha,51,13.9 days,MEDIUM,1.0 days,MEDIUM,1163.6%,-80.8%,-,-
Nhava sheva,https://www.marinetraffic.com/en/ais/details/ports/2713/name=Nhava-sheva,51,0.8 days,HIGH,1.0 days,HIGH,1.6 days,3.8 days,60.0%,0.0%
Navlakhi,https://www.marinetraffic.com/en/ais/details/ports/21448/name=Navlakhi,51,0.8 days,HIGH,1.1 days,HIGH,0.6 days,1.1 days,0.0%,-78.8%
Mundra,https://www.marinetraffic.com/en/ais/details/ports/268/name=Mundra,51,0.2 days,HIGH,0.9 days,HIGH,0.9 days,1.0 days,-33.3%,-10.0%
Mumbai,https://www.marinetraffic.com/en/ais/details/ports/2341/name=Mumbai,51,1.1 days,LOW,1.3 days,LOW,11.4 days,2.2 days,22.2%,18.2%
Mormugao,https://www.marinetraffic.com/en/ais/details/ports/561/name=Mormugao,51,0.2 days,LOW,1.9 days,LOW,1.3 days,1.3 days,100.0%,35.7%
Mangalore,https://www.marinetraffic.com/en/ais/details/ports/17383/name=Mangalore,51,1.0 days,LOW,1.3 days,LOW,1.9 days,0.8 days,-28.6%,-18.8%
Magdalla,https://www.marinetraffic.com/en/ais/details/ports/19704/name=Magdalla,51,0.3 days,LOW,1.0 days,LOW,0.4 days,1.9 days,-57.1%,25.0%
Krishnapatnam,https://www.marinetraffic.com/en/ais/details/ports/1317/name=Krishnapatnam,51,0.2 days,HIGH,2.7 days,HIGH,0.5 days,1.9 days,-92.6%,0.0%
Kolkata,https://www.marinetraffic.com/en/ais/details/ports/2806/name=Kolkata,51,0.9 days,HIGH,2.8 days,HIGH,0.8 days,1.6 days,-35.7%,0.0%
Kochi,https://www.marinetraffic.com/en/ais/details/ports/2990/name=Kochi,51,0.3 days,LOW,1.2 days,LOW,2.9 days,5.2 days,-40.0%,20.0%
Kattupalli,https://www.marinetraffic.com/en/ais/details/ports/18979/name=Kattupalli,51,0.1 days,LOW,1.1 days,LOW,2.6 days,9.6 days,-80.0%,83.3%
Karwar,https://www.marinetraffic.com/en/ais/details/ports/557/name=Karwar,51,2.8 days,MEDIUM,1.7 days,MEDIUM,2.4 days,1.6 days,211.1%,-45.2%
Karaikal,https://www.marinetraffic.com/en/ais/details/ports/18978/name=Karaikal,51,0.5 days,LOW,2.1 days,LOW,0.6 days,-25.0%,-,-
Kandla,https://www.marinetraffic.com/en/ais/details/ports/269/name=Kandla,51,2.4 days,LOW,2.3 days,LOW,3.5 days,2.0 days,9.1%,27.8%
Kakinada,https://www.marinetraffic.com/en/ais/details/ports/18914/name=Kakinada,51,2.3 days,LOW,6.5 days,LOW,2.8 days,10.0 days,-58.2%,75.7%
Jaigad,https://www.marinetraffic.com/en/ais/details/ports/18951/name=Jaigad,51,0.2 days,HIGH,0.8 days,HIGH,0.6 days,1.6 days,100.0%,60.0%
Jafrabad,https://www.marinetraffic.com/en/ais/details/ports/3078/name=Jafrabad,51,0.7 days,HIGH,0.4 days,HIGH,1.2 days,0.1 days,-12.5%,33.3%
Hazira,https://www.marinetraffic.com/en/ais/details/ports/537/name=Hazira,51,1.0 days,HIGH,1.2 days,HIGH,2.2 days,3.6 days,42.9%,0.0%
Haldia,https://www.marinetraffic.com/en/ais/details/ports/18985/name=Haldia,51,1.0 days,LOW,1.9 days,LOW,2.5 days,1.0 days,-9.1%,11.8%
Gangavaram,https://www.marinetraffic.com/en/ais/details/ports/18980/name=Gangavaram,51,0.5 days,MEDIUM,2.9 days,MEDIUM,3.3 days,-66.7%,-12.1%,-
Ennore,https://www.marinetraffic.com/en/ais/details/ports/791/name=Ennore,51,0.5 days,LOW,1.4 days,LOW,1.6 days,1.3 days,-68.8%,27.3%
Dighi,https://www.marinetraffic.com/en/ais/details/ports/18948/name=Dighi,51,0.1 days,MEDIUM,2.2 days,MEDIUM,-88.9%,-26.7%,-,-
Dharamtar,https://www.marinetraffic.com/en/ais/details/ports/21601/name=Dharamtar,51,0.8 days,HIGH,0.5 days,HIGH,0.8 days,1.4 days,-11.1%,0.0%
Dhamra,https://www.marinetraffic.com/en/ais/details/ports/20607/name=Dhamra,51,1.0 days,LOW,4.1 days,LOW,0.6 days,3.8 days,0.0%,13.9%
Dahej,https://www.marinetraffic.com/en/ais/details/ports/535/name=Dahej,51,0.4 days,LOW,1.4 days,LOW,1.8 days,0.8 days,-42.9%,27.3%
Dabhol,https://www.marinetraffic.com/en/ais/details/ports/18950/name=Dabhol,51,0.5 days,LOW,1.0 days,LOW,-9.1%,-,-,-
Cuddalore,https://www.marinetraffic.com/en/ais/details/ports/24893/name=Cuddalore,51,3.6 days,LOW,7.2 days,LOW,1.1 days,8.3 days,-18.2%,188.0%
Chennai,https://www.marinetraffic.com/en/ais/details/ports/792/name=Chennai,51,0.1 days,LOW,2.0 days,LOW,0.8 days,4.0 days,-50.0%,5.3%
Beypore,https://www.marinetraffic.com/en/ais/details/ports/18969/name=Beypore,51,LOW,4.0 days,LOW,4.7 days,-18.4%,-,-,-
Visakhapatnam,https://www.marinetraffic.com/en/ais/details/ports/3048/name=Visakhapatnam,50,0.7 days,HIGH,1.8 days,HIGH,2.4 days,1.9 days,40.0%,-5.3%
Vadinar,https://www.marinetraffic.com/en/ais/details/ports/559/name=Vadinar,50,0.9 days,LOW,1.7 days,LOW,1.4 days,0.4 days,125.0%,21.4%
Tuticorin,https://www.marinetraffic.com/en/ais/details/ports/2986/name=Tuticorin,50,0.4 days,LOW,1.3 days,LOW,1.5 days,2.0 days,33.3%,-56.7%
Sikka,https://www.marinetraffic.com/en/ais/details/ports/560/name=Sikka,50,1.3 days,HIGH,1.6 days,HIGH,3.3 days,0.6 days,-13.3%,0.0%
Ratnagiri,https://www.marinetraffic.com/en/ais/details/ports/18952/name=Ratnagiri,50,1.0 days,LOW,0.4 days,LOW,0.4 days,0.2 days,25.0%,-33.3%
Ranpar,https://www.marinetraffic.com/en/ais/details/ports/18953/name=Ranpar,50,0.1 days,MEDIUM,1.3 days,MEDIUM,-50.0%,-13.3%,-,-
Port blair,https://www.marinetraffic.com/en/ais/details/ports/21891/name=Port-blair,50,MEDIUM,3.9 days,MEDIUM,2.4 days,-2.5%,-,-,-
Porbandar,https://www.marinetraffic.com/en/ais/details/ports/538/name=Porbandar,50,3.2 days,LOW,4.4 days,LOW,0.8 days,0.6 days,146.2%,109.5%
Pipavav,https://www.marinetraffic.com/en/ais/details/ports/533/name=Pipavav,50,0.5 days,MEDIUM,0.8 days,MEDIUM,0.4 days,1.6 days,-50.0%,-11.1%
Paradip,https://www.marinetraffic.com/en/ais/details/ports/17379/name=Paradip,50,1.4 days,LOW,1.7 days,LOW,2.1 days,1.4 days,-26.3%,6.3%
Nhava sheva,https://www.marinetraffic.com/en/ais/details/ports/2713/name=Nhava-sheva,50,0.4 days,HIGH,1.0 days,HIGH,10.7 days,1.0 days,-20.0%,-9.1%
Navlakhi,https://www.marinetraffic.com/en/ais/details/ports/21448/name=Navlakhi,50,0.8 days,LOW,5.2 days,LOW,0.0 days,0.4 days,-55.6%,-23.5%
Mundra,https://www.marinetraffic.com/en/ais/details/ports/268/name=Mundra,50,0.3 days,LOW,1.0 days,LOW,1.3 days,1.7 days,50.0%,-9.1%
Mumbai,https://www.marinetraffic.com/en/ais/details/ports/2341/name=Mumbai,50,0.9 days,LOW,1.1 days,LOW,4.8 days,15.8 days,50.0%,-35.3%
Muldwarka,https://www.marinetraffic.com/en/ais/details/ports/3077/name=Muldwarka,50,0.3 days,MEDIUM,1.4 days,MEDIUM,1.0 days,1.5 days,-81.3%,-36.4%
Mormugao,https://www.marinetraffic.com/en/ais/details/ports/561/name=Mormugao,50,0.1 days,MEDIUM,1.4 days,MEDIUM,0.2 days,1.5 days,-80.0%,-50.0%
Mangalore,https://www.marinetraffic.com/en/ais/details/ports/17383/name=Mangalore,50,1.4 days,HIGH,1.6 days,HIGH,2.5 days,1.2 days,27.3%,-5.9%
Magdalla,https://www.marinetraffic.com/en/ais/details/ports/19704/name=Magdalla,50,0.7 days,HIGH,0.8 days,HIGH,0.5 days,3.2 days,133.3%,0.0%
Krishnapatnam,https://www.marinetraffic.com/en/ais/details/ports/1317/name=Krishnapatnam,50,2.7 days,HIGH,2.7 days,HIGH,4.4 days,6.5 days,800.0%,28.6%
Kolkata,https://www.marinetraffic.com/en/ais/details/ports/2806/name=Kolkata,50,1.4 days,LOW,2.8 days,LOW,0.9 days,2.9 days,-6.7%,-28.2%
Kochi,https://www.marinetraffic.com/en/ais/details/ports/2990/name=Kochi,50,0.5 days,HIGH,1.0 days,HIGH,1.0 days,7.5 days,150.0%,-9.1%
Kattupalli,https://www.marinetraffic.com/en/ais/details/ports/18979/name=Kattupalli,50,0.5 days,LOW,0.6 days,LOW,0.6 days,0.5 days,0.0%,-25.0%
Karwar,https://www.marinetraffic.com/en/ais/details/ports/557/name=Karwar,50,0.9 days,LOW,3.1 days,LOW,-67.9%,47.6%,-,-
Karaikal,https://www.marinetraffic.com/en/ais/details/ports/18978/name=Karaikal,50,MEDIUM,3.3 days,MEDIUM,2.8 days,50.0%,-,-,-
Kandla,https://www.marinetraffic.com/en/ais/details/ports/269/name=Kandla,50,2.2 days,LOW,1.8 days,LOW,2.7 days,2.6 days,-4.3%,-5.3%
Kakinada,https://www.marinetraffic.com/en/ais/details/ports/18914/name=Kakinada,50,5.5 days,LOW,3.7 days,LOW,14.3 days,13.9 days,52.8%,-5.1%
Jaigad,https://www.marinetraffic.com/en/ais/details/ports/18951/name=Jaigad,50,0.4 days,LOW,0.9 days,LOW,2.0 days,1.7 days,300.0%,80.0%
Jafrabad,https://www.marinetraffic.com/en/ais/details/ports/3078/name=Jafrabad,50,0.8 days,LOW,0.3 days,LOW,0.5 days,0.2 days,14.3%,-25.0%
Hazira,https://www.marinetraffic.com/en/ais/details/ports/537/name=Hazira,50,0.7 days,HIGH,1.2 days,HIGH,1.9 days,5.4 days,0.0%,20.0%
Haldia,https://www.marinetraffic.com/en/ais/details/ports/18985/name=Haldia,50,1.1 days,LOW,1.7 days,LOW,2.3 days,2.8 days,37.5%,-15.0%
Gangavaram,https://www.marinetraffic.com/en/ais/details/ports/18980/name=Gangavaram,50,1.5 days,MEDIUM,3.3 days,MEDIUM,2.7 days,2.0 days,400.0%,32.0%
Ennore,https://www.marinetraffic.com/en/ais/details/ports/791/name=Ennore,50,1.6 days,LOW,1.1 days,LOW,2.4 days,1.2 days,-46.7%,-35.3%
Dharamtar,https://www.marinetraffic.com/en/ais/details/ports/21601/name=Dharamtar,50,0.9 days,HIGH,0.5 days,HIGH,0.4 days,0.6 days,12.5%,0.0%
Dhamra,https://www.marinetraffic.com/en/ais/details/ports/20607/name=Dhamra,50,1.0 days,MEDIUM,3.6 days,MEDIUM,1.0 days,2.2 days,-52.4%,0.0%
Dahej,https://www.marinetraffic.com/en/ais/details/ports/535/name=Dahej,50,0.7 days,HIGH,1.1 days,HIGH,1.3 days,1.2 days,600.0%,-15.4%
Chennai,https://www.marinetraffic.com/en/ais/details/ports/792/name=Chennai,50,0.2 days,LOW,1.9 days,LOW,1.4 days,5.6 days,100.0%,5.6%
Beypore,https://www.marinetraffic.com/en/ais/details/ports/18969/name=Beypore,50,1.3 days,MEDIUM,4.9 days,MEDIUM,0.9 days,14.6 days,62.5%,22.5%
Visakhapatnam,https://www.marinetraffic.com/en/ais/details/ports/3048/name=Visakhapatnam,49,0.5 days,HIGH,1.9 days,HIGH,4.4 days,7.1 days,25.0%,-5.0%
Vadinar,https://www.marinetraffic.com/en/ais/details/ports/559/name=Vadinar,49,0.4 days,LOW,1.4 days,LOW,0.7 days,0.4 days,-63.6%,-6.7%
Tuticorin,https://www.marinetraffic.com/en/ais/details/ports/2986/name=Tuticorin,49,0.3 days,LOW,3.0 days,LOW,3.4 days,7.9 days,50.0%,20.0%
Sikka,https://www.marinetraffic.com/en/ais/details/ports/560/name=Sikka,49,1.5 days,LOW,1.6 days,LOW,1.2 days,0.5 days,66.7%,14.3%
Ratnagiri,https://www.marinetraffic.com/en/ais/details/ports/18952/name=Ratnagiri,49,0.8 days,MEDIUM,0.6 days,MEDIUM,0.0 days,0.4 days,33.3%,-40.0%
Port blair,https://www.marinetraffic.com/en/ais/details/ports/21891/name=Port-blair,49,0.4 days,LOW,4.0 days,LOW,0.2 days,25.2 days,-60.0%,53.9%
Porbandar,https://www.marinetraffic.com/en/ais/details/ports/538/name=Porbandar,49,1.7 days,LOW,1.3 days,LOW,0.1 days,-57.5%,-35.0%,-
Pipavav,https://www.marinetraffic.com/en/ais/details/ports/533/name=Pipavav,49,0.0 days,LOW,0.5 days,LOW,0.2 days,0.4 days,-100.0%,-44.4%
Paradip,https://www.marinetraffic.com/en/ais/details/ports/17379/name=Paradip,49,1.9 days,MEDIUM,1.6 days,MEDIUM,1.6 days,1.2 days,216.7%,0.0%
Okha,https://www.marinetraffic.com/en/ais/details/ports/558/name=Okha,49,1.1 days,MEDIUM,5.2 days,MEDIUM,136.4%,-,-,-
Nhava sheva,https://www.marinetraffic.com/en/ais/details/ports/2713/name=Nhava-sheva,49,0.5 days,HIGH,1.1 days,HIGH,4.4 days,2.3 days,0.0%,10.0%
Navlakhi,https://www.marinetraffic.com/en/ais/details/ports/21448/name=Navlakhi,49,1.8 days,LOW,6.8 days,LOW,0.8 days,5.1 days,28.6%,277.8%
Mundra,https://www.marinetraffic.com/en/ais/details/ports/268/name=Mundra,49,0.2 days,HIGH,1.1 days,HIGH,0.8 days,0.9 days,0.0%,22.2%
Mumbai,https://www.marinetraffic.com/en/ais/details/ports/2341/name=Mumbai,49,0.6 days,HIGH,1.7 days,HIGH,3.3 days,24.2 days,-14.3%,6.3%
Muldwarka,https://www.marinetraffic.com/en/ais/details/ports/3077/name=Muldwarka,49,1.6 days,MEDIUM,2.2 days,MEDIUM,2.7 days,1.4 days,700.0%,-84.9%
Mormugao,https://www.marinetraffic.com/en/ais/details/ports/561/name=Mormugao,49,0.6 days,LOW,1.2 days,LOW,2.2 days,1.4 days,20.0%,-57.1%
Mangalore,https://www.marinetraffic.com/en/ais/details/ports/17383/name=Mangalore,49,1.1 days,LOW,1.7 days,LOW,1.7 days,1.2 days,120.0%,13.3%
Magdalla,https://www.marinetraffic.com/en/ais/details/ports/19704/name=Magdalla,49,0.3 days,HIGH,0.8 days,HIGH,0.4 days,0.3 days,0.0%,33.3%
Krishnapatnam,https://www.marinetraffic.com/en/ais/details/ports/1317/name=Krishnapatnam,49,1.3 days,LOW,2.9 days,LOW,1.9 days,2.8 days,333.3%,38.1%
Kolkata,https://www.marinetraffic.com/en/ais/details/ports/2806/name=Kolkata,49,1.5 days,LOW,3.9 days,LOW,0.9 days,2.3 days,25.0%,-9.3%
Kochi,https://www.marinetraffic.com/en/ais/details/ports/2990/name=Kochi,49,0.2 days,HIGH,1.1 days,HIGH,1.2 days,6.7 days,-33.3%,10.0%
Kattupalli,https://www.marinetraffic.com/en/ais/details/ports/18979/name=Kattupalli,49,0.5 days,LOW,0.8 days,LOW,0.4 days,1.8 days,25.0%,0.0%
Karwar,https://www.marinetraffic.com/en/ais/details/ports/557/name=Karwar,49,2.8 days,MEDIUM,2.1 days,MEDIUM,1.0 days,0.3 days,460.0%,40.0%
Karaikal,https://www.marinetraffic.com/en/ais/details/ports/18978/name=Karaikal,49,LOW,2.2 days,LOW,-33.3%,-,-,-,-
Kandla,https://www.marinetraffic.com/en/ais/details/ports/269/name=Kandla,49,2.3 days,HIGH,1.9 days,HIGH,2.0 days,2.5 days,4.5%,0.0%
Kakinada,https://www.marinetraffic.com/en/ais/details/ports/18914/name=Kakinada,49,3.6 days,HIGH,3.9 days,HIGH,14.0 days,14.1 days,157.1%,-78.8%
Jaigad,https://www.marinetraffic.com/en/ais/details/ports/18951/name=Jaigad,49,0.1 days,HIGH,0.5 days,HIGH,0.4 days,2.5 days,-88.9%,-54.5%
Jafrabad,https://www.marinetraffic.com/en/ais/details/ports/3078/name=Jafrabad,49,0.7 days,LOW,0.4 days,LOW,0.3 days,0.2 days,-36.4%,-20.0%
Hazira,https://www.marinetraffic.com/en/ais/details/ports/537/name=Hazira,49,0.7 days,LOW,1.0 days,LOW,2.3 days,1.4 days,40.0%,-23.1%
Haldia,https://www.marinetraffic.com/en/ais/details/ports/18985/name=Haldia,49,0.8 days,LOW,2.0 days,LOW,2.3 days,1.9 days,-27.3%,33.3%
Gangavaram,https://www.marinetraffic.com/en/ais/details/ports/18980/name=Gangavaram,49,0.3 days,MEDIUM,2.5 days,MEDIUM,0.9 days,2.2 days,50.0%,92.3%
Ennore,https://www.marinetraffic.com/en/ais/details/ports/791/name=Ennore,49,3.0 days,LOW,1.7 days,LOW,3.7 days,1.4 days,50.0%,41.7%
Dighi,https://www.marinetraffic.com/en/ais/details/ports/18948/name=Dighi,49,0.5 days,MEDIUM,1.0 days,MEDIUM,-44.4%,-66.7%,-,-
Dharamtar,https://www.marinetraffic.com/en/ais/details/ports/21601/name=Dharamtar,49,0.8 days,HIGH,0.5 days,HIGH,0.9 days,1.0 days,-27.3%,-16.7%
Dhamra,https://www.marinetraffic.com/en/ais/details/ports/20607/name=Dhamra,49,2.1 days,MEDIUM,3.6 days,MEDIUM,1.3 days,1.6 days,425.0%,71.4%
Dahej,https://www.marinetraffic.com/en/ais/details/ports/535/name=Dahej,49,0.8 days,LOW,1.1 days,LOW,1.6 days,1.2 days,700.0%,-15.4%
Dabhol,https://www.marinetraffic.com/en/ais/details/ports/18950/name=Dabhol,49,0.0 days,LOW,1.3 days,LOW,-,-,-,-
Cuddalore,https://www.marinetraffic.com/en/ais/details/ports/24893/name=Cuddalore,49,4.4 days,LOW,2.5 days,LOW,2.1 days,127.3%,-,-
Chennai,https://www.marinetraffic.com/en/ais/details/ports/792/name=Chennai,49,0.1 days,LOW,1.8 days,LOW,2.3 days,5.2 days,-50.0%,5.9%
Beypore,https://www.marinetraffic.com/en/ais/details/ports/18969/name=Beypore,49,0.8 days,LOW,4.0 days,LOW,0.9 days,10.2 days,166.7%,-74.5%
Visakhapatnam,https://www.marinetraffic.com/en/ais/details/ports/3048/name=Visakhapatnam,48,0.4 days,HIGH,2.0 days,HIGH,2.4 days,3.4 days,-33.3%,5.3%
Vadinar,https://www.marinetraffic.com/en/ais/details/ports/559/name=Vadinar,48,1.1 days,LOW,1.5 days,LOW,1.3 days,0.3 days,83.3%,0.0%
Tuticorin,https://www.marinetraffic.com/en/ais/details/ports/2986/name=Tuticorin,48,0.2 days,LOW,2.5 days,LOW,2.3 days,6.4 days,-60.0%,25.0%
Sikka,https://www.marinetraffic.com/en/ais/details/ports/560/name=Sikka,48,0.9 days,HIGH,1.4 days,HIGH,1.5 days,0.5 days,-25.0%,0.0%
Ratnagiri,https://www.marinetraffic.com/en/ais/details/ports/18952/name=Ratnagiri,48,0.6 days,LOW,1.0 days,LOW,0.4 days,0.2 days,100.0%,100.0%
Ranpar,https://www.marinetraffic.com/en/ais/details/ports/18953/name=Ranpar,48,1.7 days,LOW,1.6 days,LOW,750.0%,6.7%,-,-
Port blair,https://www.marinetraffic.com/en/ais/details/ports/21891/name=Port-blair,48,1.0 days,MEDIUM,2.6 days,MEDIUM,1.2 days,2.9 days,160.0%,-
Porbandar,https://www.marinetraffic.com/en/ais/details/ports/538/name=Porbandar,48,0.8 days,LOW,1.0 days,LOW,0.0%,0.0%,-,-
Pipavav,https://www.marinetraffic.com/en/ais/details/ports/533/name=Pipavav,48,1.0 days,LOW,0.9 days,LOW,0.6 days,0.8 days,-9.1%,50.0%
Paradip,https://www.marinetraffic.com/en/ais/details/ports/17379/name=Paradip,48,0.6 days,HIGH,1.6 days,HIGH,23.5 days,1.9 days,-45.5%,-15.8%
Nhava sheva,https://www.marinetraffic.com/en/ais/details/ports/2713/name=Nhava-sheva,48,0.5 days,LOW,1.0 days,LOW,4.8 days,0.6 days,-44.4%,-9.1%
Navlakhi,https://www.marinetraffic.com/en/ais/details/ports/21448/name=Navlakhi,48,1.4 days,MEDIUM,1.8 days,MEDIUM,0.5 days,1.0 days,55.6%,-18.2%
Mundra,https://www.marinetraffic.com/en/ais/details/ports/268/name=Mundra,48,0.2 days,LOW,0.9 days,LOW,0.8 days,0.8 days,100.0%,-10.0%
Mumbai,https://www.marinetraffic.com/en/ais/details/ports/2341/name=Mumbai,48,0.7 days,LOW,1.6 days,LOW,2.2 days,20.8 days,0.0%,33.3%
Muldwarka,https://www.marinetraffic.com/en/ais/details/ports/3077/name=Muldwarka,48,0.2 days,LOW,14.6 days,LOW,100.0%,135.5%,-,-
Mormugao,https://www.marinetraffic.com/en/ais/details/ports/561/name=Mormugao,48,0.5 days,MEDIUM,2.8 days,MEDIUM,1.6 days,3.2 days,-54.5%,27.3%
Mangalore,https://www.marinetraffic.com/en/ais/details/ports/17383/name=Mangalore,48,0.5 days,LOW,1.5 days,LOW,2.0 days,1.1 days,-80.0%,-6.3%
Magdalla,https://www.marinetraffic.com/en/ais/details/ports/19704/name=Magdalla,48,0.3 days,MEDIUM,0.6 days,MEDIUM,0.4 days,1.2 days,0.0%,-40.0%
Krishnapatnam,https://www.marinetraffic.com/en/ais/details/ports/1317/name=Krishnapatnam,48,0.3 days,LOW,2.1 days,LOW,1.9 days,2.2 days,-78.6%,-8.7%
Kolkata,https://www.marinetraffic.com/en/ais/details/ports/2806/name=Kolkata,48,1.2 days,HIGH,4.3 days,HIGH,0.9 days,1.8 days,-7.7%,0.0%
Kochi,https://www.marinetraffic.com/en/ais/details/ports/2990/name=Kochi,48,0.3 days,LOW,1.0 days,LOW,0.7 days,2.3 days,-25.0%,-23.1%
Kattupalli,https://www.marinetraffic.com/en/ais/details/ports/18979/name=Kattupalli,48,0.2 days,LOW,0.9 days,LOW,0.6 days,0.3 days,-50.0%,12.5%
Karwar,https://www.marinetraffic.com/en/ais/details/ports/557/name=Karwar,48,0.5 days,MEDIUM,1.5 days,MEDIUM,0.3 days,36.4%,-,-
Karaikal,https://www.marinetraffic.com/en/ais/details/ports/18978/name=Karaikal,48,0.2 days,MEDIUM,3.3 days,MEDIUM,2.1 days,-50.8%,-,-
Kandla,https://www.marinetraffic.com/en/ais/details/ports/269/name=Kandla,48,2.2 days,LOW,1.9 days,LOW,3.5 days,2.1 days,69.2%,5.6%
Kakinada,https://www.marinetraffic.com/en/ais/details/ports/18914/name=Kakinada,48,4.5 days,HIGH,3.8 days,HIGH,4.6 days,17.5 days,221.4%,-11.6%
Jaigad,https://www.marinetraffic.com/en/ais/details/ports/18951/name=Jaigad,48,0.3 days,MEDIUM,0.5 days,MEDIUM,1.2 days,1.7 days,-85.0%,0.0%
Jafrabad,https://www.marinetraffic.com/en/ais/details/ports/3078/name=Jafrabad,48,1.1 days,MEDIUM,0.5 days,MEDIUM,1.4 days,0.3 days,83.3%,0.0%
Hazira,https://www.marinetraffic.com/en/ais/details/ports/537/name=Hazira,48,0.5 days,LOW,1.3 days,LOW,1.5 days,3.0 days,-64.3%,0.0%
Haldia,https://www.marinetraffic.com/en/ais/details/ports/18985/name=Haldia,48,1.1 days,HIGH,1.5 days,HIGH,2.0 days,2.1 days,-8.3%,0.0%
Gangavaram,https://www.marinetraffic.com/en/ais/details/ports/18980/name=Gangavaram,48,0.2 days,LOW,1.3 days,LOW,0.3 days,3.2 days,-60.0%,-78.3%
Ennore,https://www.marinetraffic.com/en/ais/details/ports/791/name=Ennore,48,2.0 days,LOW,1.2 days,LOW,3.0 days,1.6 days,-63.6%,-7.7%
Dighi,https://www.marinetraffic.com/en/ais/details/ports/18948/name=Dighi,48,0.5 days,LOW,19.3 days,LOW,1830.0%,-,-,-
Dharamtar,https://www.marinetraffic.com/en/ais/details/ports/21601/name=Dharamtar,48,1.1 days,LOW,0.6 days,LOW,1.8 days,0.4 days,83.3%,20.0%
Dhamra,https://www.marinetraffic.com/en/ais/details/ports/20607/name=Dhamra,48,0.4 days,LOW,2.1 days,LOW,0.5 days,1.2 days,-79.0%,-43.2%
Dahej,https://www.marinetraffic.com/en/ais/details/ports/535/name=Dahej,48,0.1 days,LOW,1.3 days,LOW,1.4 days,2.0 days,0.0%,-7.1%
Dabhol,https://www.marinetraffic.com/en/ais/details/ports/18950/name=Dabhol,48,0.1 days,MEDIUM,1.1 days,MEDIUM,0.1 days,-,-,-
Chennai,https://www.marinetraffic.com/en/ais/details/ports/792/name=Chennai,48,0.2 days,HIGH,1.7 days,HIGH,2.3 days,5.7 days,100.0%,-10.5%
Beypore,https://www.marinetraffic.com/en/ais/details/ports/18969/name=Beypore,48,0.3 days,LOW,15.7 days,LOW,14.2 days,-62.5%,-9.3%,-
Visakhapatnam,https://www.marinetraffic.com/en/ais/details/ports/3048/name=Visakhapatnam,47,0.6 days,HIGH,1.9 days,HIGH,2.9 days,2.7 days,-62.5%,5.6%
Vadinar,https://www.marinetraffic.com/en/ais/details/ports/559/name=Vadinar,47,0.6 days,LOW,1.5 days,LOW,0.3 days,0.6 days,-45.5%,-11.8%
Tuticorin,https://www.marinetraffic.com/en/ais/details/ports/2986/name=Tuticorin,47,0.5 days,LOW,2.0 days,LOW,0.7 days,1.3 days,25.0%,33.3%
Sikka,https://www.marinetraffic.com/en/ais/details/ports/560/name=Sikka,47,1.2 days,LOW,1.4 days,LOW,1.6 days,0.7 days,-29.4%,7.7%
Ratnagiri,https://www.marinetraffic.com/en/ais/details/ports/18952/name=Ratnagiri,47,0.3 days,LOW,0.5 days,LOW,0.0 days,0.1 days,50.0%,-50.0%
Ranpar,https://www.marinetraffic.com/en/ais/details/ports/18953/name=Ranpar,47,0.2 days,LOW,1.5 days,LOW,0.9 days,0.0%,50.0%,-
Port blair,https://www.marinetraffic.com/en/ais/details/ports/21891/name=Port-blair,47,LOW,1.3 days,LOW,-43.5%,-,-,-,-
Porbandar,https://www.marinetraffic.com/en/ais/details/ports/538/name=Porbandar,47,4.0 days,MEDIUM,2.0 days,MEDIUM,0.4 days,-28.6%,42.9%,-
Pipavav,https://www.marinetraffic.com/en/ais/details/ports/533/name=Pipavav,47,1.1 days,LOW,0.6 days,LOW,1.5 days,1.0 days,-21.4%,-40.0%
Paradip,https://www.marinetraffic.com/en/ais/details/ports/17379/name=Paradip,47,1.1 days,LOW,1.9 days,LOW,3.3 days,0.8 days,-15.4%,5.6%
Nhava sheva,https://www.marinetraffic.com/en/ais/details/ports/2713/name=Nhava-sheva,47,0.9 days,HIGH,1.1 days,HIGH,11.1 days,0.6 days,28.6%,10.0%
Navlakhi,https://www.marinetraffic.com/en/ais/details/ports/21448/name=Navlakhi,47,0.9 days,HIGH,2.2 days,HIGH,0.5 days,6.5 days,12.5%,100.0%
Mundra,https://www.marinetraffic.com/en/ais/details/ports/268/name=Mundra,47,0.1 days,HIGH,1.0 days,HIGH,0.6 days,0.8 days,-66.7%,0.0%
Mumbai,https://www.marinetraffic.com/en/ais/details/ports/2341/name=Mumbai,47,0.7 days,HIGH,1.2 days,HIGH,2.9 days,17.1 days,-63.2%,-25.0%
Muldwarka,https://www.marinetraffic.com/en/ais/details/ports/3077/name=Muldwarka,47,0.1 days,MEDIUM,6.2 days,MEDIUM,0.0%,675.0%,-,-
Mormugao,https://www.marinetraffic.com/en/ais/details/ports/561/name=Mormugao,47,1.1 days,MEDIUM,2.2 days,MEDIUM,0.8 days,3.1 days,83.3%,22.2%
Mangalore,https://www.marinetraffic.com/en/ais/details/ports/17383/name=Mangalore,47,2.5 days,MEDIUM,1.6 days,MEDIUM,2.2 days,1.1 days,38.9%,0.0%
Magdalla,https://www.marinetraffic.com/en/ais/details/ports/19704/name=Magdalla,47,0.3 days,LOW,1.0 days,LOW,0.3 days,0.4 days,50.0%,100.0%
Krishnapatnam,https://www.marinetraffic.com/en/ais/details/ports/1317/name=Krishnapatnam,47,1.4 days,LOW,2.3 days,LOW,2.7 days,8.4 days,0.0%,-23.3%
Kolkata,https://www.marinetraffic.com/en/ais/details/ports/2806/name=Kolkata,47,1.3 days,HIGH,4.3 days,HIGH,0.8 days,1.2 days,-31.6%,-8.5%
Kochi,https://www.marinetraffic.com/en/ais/details/ports/2990/name=Kochi,47,0.4 days,LOW,1.3 days,LOW,0.5 days,0.7 days,33.3%,44.4%
Kattupalli,https://www.marinetraffic.com/en/ais/details/ports/18979/name=Kattupalli,47,0.4 days,MEDIUM,0.8 days,MEDIUM,0.6 days,1.6 days,-11.1%,-
Karaikal,https://www.marinetraffic.com/en/ais/details/ports/18978/name=Karaikal,47,MEDIUM,2.4 days,MEDIUM,0.0%,-,-,-,-
Kandla,https://www.marinetraffic.com/en/ais/details/ports/269/name=Kandla,47,1.3 days,LOW,1.8 days,LOW,2.8 days,4.0 days,-18.8%,-18.2%
Kakinada,https://www.marinetraffic.com/en/ais/details/ports/18914/name=Kakinada,47,1.4 days,LOW,4.3 days,LOW,5.5 days,13.6 days,-30.0%,30.3%
Jaigad,https://www.marinetraffic.com/en/ais/details/ports/18951/name=Jaigad,47,0.3 days,HIGH,0.5 days,HIGH,1.4 days,1.9 days,0.0%,-
Jafrabad,https://www.marinetraffic.com/en/ais/details/ports/3078/name=Jafrabad,47,0.6 days,HIGH,0.5 days,HIGH,0.6 days,0.3 days,-45.5%,0.0%
Hazira,https://www.marinetraffic.com/en/ais/details/ports/537/name=Hazira,47,1.4 days,HIGH,1.0 days,HIGH,0.9 days,2.3 days,0.0%,-23.1%
Haldia,https://www.marinetraffic.com/en/ais/details/ports/18985/name=Haldia,47,1.2 days,LOW,1.5 days,LOW,1.9 days,1.5 days,140.0%,-25.0%
Gangavaram,https://www.marinetraffic.com/en/ais/details/ports/18980/name=Gangavaram,47,0.5 days,LOW,6.0 days,LOW,0.4 days,3.6 days,25.0%,172.7%
Ennore,https://www.marinetraffic.com/en/ais/details/ports/791/name=Ennore,47,5.5 days,HIGH,1.3 days,HIGH,4.2 days,1.2 days,-3.5%,-7.1%
Dighi,https://www.marinetraffic.com/en/ais/details/ports/18948/name=Dighi,47,LOW,1.0 days,LOW,-,-,-,-,-
Dharamtar,https://www.marinetraffic.com/en/ais/details/ports/21601/name=Dharamtar,47,0.6 days,HIGH,0.5 days,HIGH,1.8 days,0.5 days,-33.3%,0.0%
Dhamra,https://www.marinetraffic.com/en/ais/details/ports/20607/name=Dhamra,47,0.4 days,MEDIUM,3.5 days,MEDIUM,4.1 days,1.8 days,-79.0%,-5.4%
Dahej,https://www.marinetraffic.com/en/ais/details/ports/535/name=Dahej,47,0.1 days,HIGH,1.4 days,HIGH,0.3 days,1.0 days,-83.3%,0.0%
Dabhol,https://www.marinetraffic.com/en/ais/details/ports/18950/name=Dabhol,47,MEDIUM,1.1 days,MEDIUM,10.0%,-,-,-,-
Cuddalore,https://www.marinetraffic.com/en/ais/details/ports/24893/name=Cuddalore,47,MEDIUM,1.1 days,MEDIUM,22.2%,-,-,-,-
Chennai,https://www.marinetraffic.com/en/ais/details/ports/792/name=Chennai,47,0.1 days,LOW,1.9 days,LOW,3.8 days,1.4 days,-66.7%,35.7%
Beypore,https://www.marinetraffic.com/en/ais/details/ports/18969/name=Beypore,47,0.8 days,LOW,17.3 days,LOW,23.5 days,-63.6%,394.3%,-
Visakhapatnam,https://www.marinetraffic.com/en/ais/details/ports/3048/name=Visakhapatnam,46,1.6 days,HIGH,1.8 days,HIGH,2.3 days,3.3 days,23.1%,-25.0%
Vadinar,https://www.marinetraffic.com/en/ais/details/ports/559/name=Vadinar,46,1.1 days,LOW,1.7 days,LOW,0.9 days,0.6 days,450.0%,6.3%
Tuticorin,https://www.marinetraffic.com/en/ais/details/ports/2986/name=Tuticorin,46,0.4 days,LOW,1.5 days,LOW,2.8 days,1.9 days,-50.0%,-50.0%
Sikka,https://www.marinetraffic.com/en/ais/details/ports/560/name=Sikka,46,1.7 days,LOW,1.3 days,LOW,1.8 days,0.4 days,21.4%,-7.1%
Ratnagiri,https://www.marinetraffic.com/en/ais/details/ports/18952/name=Ratnagiri,46,0.2 days,LOW,1.0 days,LOW,0.3 days,0.2 days,0.0%,25.0%
Ranpar,https://www.marinetraffic.com/en/ais/details/ports/18953/name=Ranpar,46,0.0 days,MEDIUM,1.0 days,MEDIUM,-100.0%,-28.6%,-,-
Port blair,https://www.marinetraffic.com/en/ais/details/ports/21891/name=Port-blair,46,MEDIUM,2.3 days,MEDIUM,15.8 days,-57.4%,-,-,-
Porbandar,https://www.marinetraffic.com/en/ais/details/ports/538/name=Porbandar,46,0.0 days,LOW,1.0 days,LOW,-47.4%,-,-,-
Pipavav,https://www.marinetraffic.com/en/ais/details/ports/533/name=Pipavav,46,1.4 days,LOW,1.0 days,LOW,1.3 days,0.9 days,366.7%,25.0%
Paradip,https://www.marinetraffic.com/en/ais/details/ports/17379/name=Paradip,46,1.3 days,LOW,1.8 days,LOW,2.8 days,1.6 days,-38.1%,-5.3%
Nhava sheva,https://www.marinetraffic.com/en/ais/details/ports/2713/name=Nhava-sheva,46,0.7 days,HIGH,1.0 days,HIGH,2.0 days,0.8 days,40.0%,11.1%
Navlakhi,https://www.marinetraffic.com/en/ais/details/ports/21448/name=Navlakhi,46,0.8 days,HIGH,1.1 days,HIGH,0.5 days,2.4 days,-27.3%,57.1%
Mundra,https://www.marinetraffic.com/en/ais/details/ports/268/name=Mundra,46,0.3 days,HIGH,1.0 days,HIGH,1.0 days,0.6 days,0.0%,0.0%
Mumbai,https://www.marinetraffic.com/en/ais/details/ports/2341/name=Mumbai,46,1.9 days,LOW,1.6 days,LOW,2.6 days,4.5 days,137.5%,220.0%
Muldwarka,https://www.marinetraffic.com/en/ais/details/ports/3077/name=Muldwarka,46,0.1 days,MEDIUM,0.8 days,MEDIUM,-77.8%,-,-,-
Mormugao,https://www.marinetraffic.com/en/ais/details/ports/561/name=Mormugao,46,0.2 days,LOW,5.4 days,LOW,1.6 days,-66.7%,200.0%,-
Mangalore,https://www.marinetraffic.com/en/ais/details/ports/17383/name=Mangalore,46,1.3 days,HIGH,1.6 days,HIGH,2.0 days,0.8 days,-27.8%,0.0%
Magdalla,https://www.marinetraffic.com/en/ais/details/ports/19704/name=Magdalla,46,0.2 days,LOW,0.5 days,LOW,0.1 days,0.3 days,0.0%,-50.0%
Krishnapatnam,https://www.marinetraffic.com/en/ais/details/ports/1317/name=Krishnapatnam,46,1.4 days,LOW,3.0 days,LOW,1.3 days,2.8 days,27.3%,-16.7%
Kolkata,https://www.marinetraffic.com/en/ais/details/ports/2806/name=Kolkata,46,1.9 days,LOW,4.7 days,LOW,1.1 days,1.6 days,90.0%,20.5%
Kochi,https://www.marinetraffic.com/en/ais/details/ports/2990/name=Kochi,46,0.3 days,MEDIUM,0.9 days,MEDIUM,0.9 days,0.8 days,200.0%,0.0%
Kattupalli,https://www.marinetraffic.com/en/ais/details/ports/18979/name=Kattupalli,46,0.7 days,LOW,0.8 days,LOW,0.2 days,0.9 days,0.0%,-27.3%
Karwar,https://www.marinetraffic.com/en/ais/details/ports/557/name=Karwar,46,LOW,1.1 days,LOW,0.1 days,-66.7%,-,-,-
Karaikal,https://www.marinetraffic.com/en/ais/details/ports/18978/name=Karaikal,46,LOW,6.7 days,LOW,0.5 days,346.7%,-,-,-
Kandla,https://www.marinetraffic.com/en/ais/details/ports/269/name=Kandla,46,2.6 days,HIGH,1.7 days,HIGH,3.1 days,1.9 days,62.5%,-22.7%
Kakinada,https://www.marinetraffic.com/en/ais/details/ports/18914/name=Kakinada,46,2.0 days,LOW,3.3 days,LOW,1.0 days,3.3 days,42.9%,-82.1%
Jaigad,https://www.marinetraffic.com/en/ais/details/ports/18951/name=Jaigad,46,HIGH,0.5 days,HIGH,0.8 days,0.0%,-,-,-
Jafrabad,https://www.marinetraffic.com/en/ais/details/ports/3078/name=Jafrabad,46,1.1 days,HIGH,0.5 days,HIGH,0.8 days,0.1 days,120.0%,25.0%
Hazira,https://www.marinetraffic.com/en/ais/details/ports/537/name=Hazira,46,1.4 days,HIGH,1.3 days,HIGH,1.8 days,1.1 days,-22.2%,18.2%
Haldia,https://www.marinetraffic.com/en/ais/details/ports/18985/name=Haldia,46,0.5 days,MEDIUM,2.0 days,MEDIUM,1.3 days,1.3 days,-58.3%,0.0%
Gangavaram,https://www.marinetraffic.com/en/ais/details/ports/18980/name=Gangavaram,46,0.4 days,LOW,2.2 days,LOW,0.3 days,3.6 days,33.3%,-26.7%
Ennore,https://www.marinetraffic.com/en/ais/details/ports/791/name=Ennore,46,5.7 days,HIGH,1.4 days,HIGH,2.7 days,1.9 days,72.7%,-26.3%
Dharamtar,https://www.marinetraffic.com/en/ais/details/ports/21601/name=Dharamtar,46,0.9 days,HIGH,0.5 days,HIGH,4.8 days,1.0 days,0.0%,-16.7%
Dhamra,https://www.marinetraffic.com/en/ais/details/ports/20607/name=Dhamra,46,1.9 days,LOW,3.7 days,LOW,1.0 days,2.8 days,58.3%,23.3%
Dahej,https://www.marinetraffic.com/en/ais/details/ports/535/name=Dahej,46,0.6 days,HIGH,1.4 days,HIGH,0.5 days,2.2 days,-70.0%,16.7%
Dabhol,https://www.marinetraffic.com/en/ais/details/ports/18950/name=Dabhol,46,LOW,1.0 days,LOW,-9.1%,-,-,-,-
Chennai,https://www.marinetraffic.com/en/ais/details/ports/792/name=Chennai,46,0.3 days,LOW,1.4 days,LOW,2.1 days,3.3 days,-25.0%,-12.5%
Bhavnagar new port,https://www.marinetraffic.com/en/ais/details/ports/22247/name=Bhavnagar-new-port,46,0.2 days,MEDIUM,0.1 days,MEDIUM,0.1 days,0.7 days,0.0%,0.0%
Beypore,https://www.marinetraffic.com/en/ais/details/ports/18969/name=Beypore,46,2.2 days,MEDIUM,3.5 days,MEDIUM,1.0 days,16.6 days,633.3%,25.0%
Visakhapatnam,https://www.marinetraffic.com/en/ais/details/ports/3048/name=Visakhapatnam,45,1.3 days,LOW,2.4 days,LOW,2.2 days,2.8 days,-27.8%,26.3%
Vadinar,https://www.marinetraffic.com/en/ais/details/ports/559/name=Vadinar,45,0.2 days,HIGH,1.6 days,HIGH,0.4 days,0.7 days,-66.7%,23.1%
Tuticorin,https://www.marinetraffic.com/en/ais/details/ports/2986/name=Tuticorin,45,0.8 days,LOW,3.0 days,LOW,2.2 days,3.0 days,60.0%,25.0%
Sikka,https://www.marinetraffic.com/en/ais/details/ports/560/name=Sikka,45,1.4 days,LOW,1.4 days,LOW,1.8 days,0.7 days,-26.3%,-12.5%
Port blair,https://www.marinetraffic.com/en/ais/details/ports/21891/name=Port-blair,45,LOW,5.4 days,LOW,35.0%,-,-,-,-
Porbandar,https://www.marinetraffic.com/en/ais/details/ports/538/name=Porbandar,45,1.3 days,MEDIUM,2.1 days,MEDIUM,1.5 days,1.1 days,-59.4%,-25.0%
Pipavav,https://www.marinetraffic.com/en/ais/details/ports/533/name=Pipavav,45,0.8 days,LOW,0.9 days,LOW,1.1 days,0.4 days,-61.9%,50.0%
Paradip,https://www.marinetraffic.com/en/ais/details/ports/17379/name=Paradip,45,2.1 days,LOW,1.9 days,LOW,3.1 days,2.4 days,61.5%,11.8%
Okha,https://www.marinetraffic.com/en/ais/details/ports/558/name=Okha,45,MEDIUM,2.2 days,MEDIUM,-89.0%,-,-,-,-
Nhava sheva,https://www.marinetraffic.com/en/ais/details/ports/2713/name=Nhava-sheva,45,0.5 days,HIGH,0.9 days,HIGH,2.4 days,1.1 days,-16.7%,-10.0%
Navlakhi,https://www.marinetraffic.com/en/ais/details/ports/21448/name=Navlakhi,45,1.1 days,HIGH,0.7 days,HIGH,0.4 days,0.8 days,83.3%,-12.5%
Mundra,https://www.marinetraffic.com/en/ais/details/ports/268/name=Mundra,45,0.3 days,HIGH,1.0 days,HIGH,0.4 days,1.0 days,0.0%,-9.1%
Mumbai,https://www.marinetraffic.com/en/ais/details/ports/2341/name=Mumbai,45,0.8 days,MEDIUM,0.5 days,MEDIUM,11.1 days,2.4 days,0.0%,-66.7%
Muldwarka,https://www.marinetraffic.com/en/ais/details/ports/3077/name=Muldwarka,45,MEDIUM,3.6 days,MEDIUM,3.7 days,-80.5%,-,-,-
Mormugao,https://www.marinetraffic.com/en/ais/details/ports/561/name=Mormugao,45,1.1 days,MEDIUM,2.0 days,MEDIUM,1.0 days,0.9 days,1000.0%,-9.1%
Mangalore,https://www.marinetraffic.com/en/ais/details/ports/17383/name=Mangalore,45,1.8 days,MEDIUM,1.6 days,MEDIUM,1.7 days,1.1 days,50.0%,0.0%
Magdalla,https://www.marinetraffic.com/en/ais/details/ports/19704/name=Magdalla,45,0.2 days,LOW,1.0 days,LOW,0.2 days,0.3 days,100.0%,100.0%
Krishnapatnam,https://www.marinetraffic.com/en/ais/details/ports/1317/name=Krishnapatnam,45,1.1 days,LOW,3.6 days,LOW,0.9 days,4.7 days,120.0%,12.5%
Kolkata,https://www.marinetraffic.com/en/ais/details/ports/2806/name=Kolkata,45,1.0 days,LOW,3.9 days,LOW,1.5 days,1.9 days,0.0%,39.3%
Kochi,https://www.marinetraffic.com/en/ais/details/ports/2990/name=Kochi,45,0.1 days,LOW,0.9 days,LOW,0.9 days,1.2 days,-80.0%,-10.0%
Kattupalli,https://www.marinetraffic.com/en/ais/details/ports/18979/name=Kattupalli,45,0.0 days,LOW,1.1 days,LOW,0.8 days,120.0%,-,-
Kandla,https://www.marinetraffic.com/en/ais/details/ports/269/name=Kandla,45,1.6 days,LOW,2.2 days,LOW,6.0 days,2.6 days,6.7%,29.4%
Kakinada,https://www.marinetraffic.com/en/ais/details/ports/18914/name=Kakinada,45,1.4 days,LOW,18.4 days,LOW,4.5 days,15.2 days,-44.0%,513.3%
Jaigad,https://www.marinetraffic.com/en/ais/details/ports/18951/name=Jaigad,45,2.0 days,LOW,0.5 days,LOW,0.6 days,1.4 days,566.7%,0.0%
Jafrabad,https://www.marinetraffic.com/en/ais/details/ports/3078/name=Jafrabad,45,0.5 days,LOW,0.4 days,LOW,1.7 days,0.3 days,150.0%,-50.0%
Hazira,https://www.marinetraffic.com/en/ais/details/ports/537/name=Hazira,45,1.8 days,HIGH,1.1 days,HIGH,1.5 days,1.3 days,125.0%,0.0%
Haldia,https://www.marinetraffic.com/en/ais/details/ports/18985/name=Haldia,45,1.2 days,LOW,2.0 days,LOW,1.9 days,1.0 days,20.0%,33.3%
Gangavaram,https://www.marinetraffic.com/en/ais/details/ports/18980/name=Gangavaram,45,0.3 days,MEDIUM,3.0 days,MEDIUM,0.3 days,2.5 days,-40.0%,-14.3%
Ennore,https://www.marinetraffic.com/en/ais/details/ports/791/name=Ennore,45,3.3 days,LOW,1.9 days,LOW,2.0 days,1.6 days,266.7%,90.0%
Dharamtar,https://www.marinetraffic.com/en/ais/details/ports/21601/name=Dharamtar,45,0.9 days,LOW,0.6 days,LOW,1.5 days,0.3 days,-18.2%,20.0%
Dhamra,https://www.marinetraffic.com/en/ais/details/ports/20607/name=Dhamra,45,1.3 days,LOW,2.3 days,LOW,1.0 days,1.9 days,-13.3%,-23.3%
Dahej,https://www.marinetraffic.com/en/ais/details/ports/535/name=Dahej,45,2.0 days,LOW,1.2 days,LOW,2.1 days,1.2 days,0.0%,20.0%
Dabhol,https://www.marinetraffic.com/en/ais/details/ports/18950/name=Dabhol,45,MEDIUM,1.1 days,MEDIUM,-,-,-,-,-
Chennai,https://www.marinetraffic.com/en/ais/details/ports/792/name=Chennai,45,0.4 days,LOW,1.6 days,LOW,2.4 days,1.7 days,100.0%,-11.1%
Bhavnagar new port,https://www.marinetraffic.com/en/ais/details/ports/22247/name=Bhavnagar-new-port,45,0.2 days,MEDIUM,0.1 days,MEDIUM,0.1 days,2.3 days,-33.3%,0.0%
Beypore,https://www.marinetraffic.com/en/ais/details/ports/18969/name=Beypore,45,0.3 days,MEDIUM,2.8 days,MEDIUM,2.7 days,-25.0%,-6.7%,-
Visakhapatnam,https://www.marinetraffic.com/en/ais/details/ports/3048/name=Visakhapatnam,44,1.8 days,LOW,1.9 days,LOW,2.3 days,4.2 days,28.6%,-32.1%
Vadinar,https://www.marinetraffic.com/en/ais/details/ports/559/name=Vadinar,44,0.6 days,LOW,1.3 days,LOW,0.3 days,0.5 days,-57.1%,-27.8%
Tuticorin,https://www.marinetraffic.com/en/ais/details/ports/2986/name=Tuticorin,44,0.5 days,LOW,2.4 days,LOW,1.1 days,2.2 days,66.7%,84.6%
Sikka,https://www.marinetraffic.com/en/ais/details/ports/560/name=Sikka,44,1.9 days,LOW,1.6 days,LOW,2.0 days,0.5 days,18.8%,14.3%
Ratnagiri,https://www.marinetraffic.com/en/ais/details/ports/18952/name=Ratnagiri,44,0.0 days,MEDIUM,0.8 days,MEDIUM,0.3 days,60.0%,-,-
Port blair,https://www.marinetraffic.com/en/ais/details/ports/21891/name=Port-blair,44,LOW,4.0 days,LOW,1.8 days,185.7%,-,-,-
Porbandar,https://www.marinetraffic.com/en/ais/details/ports/538/name=Porbandar,44,MEDIUM,1.9 days,MEDIUM,0.1 days,35.7%,-,-,-
Pipavav,https://www.marinetraffic.com/en/ais/details/ports/533/name=Pipavav,44,2.1 days,HIGH,0.6 days,HIGH,1.8 days,0.5 days,-19.2%,0.0%
Paradip,https://www.marinetraffic.com/en/ais/details/ports/17379/name=Paradip,44,1.3 days,HIGH,1.7 days,HIGH,3.3 days,2.0 days,62.5%,-10.5%
Panaji,https://www.marinetraffic.com/en/ais/details/ports/18956/name=Panaji,44,0.5 days,LOW,8.4 days,LOW,0.0%,460.0%,-,-
Nhava sheva,https://www.marinetraffic.com/en/ais/details/ports/2713/name=Nhava-sheva,44,0.6 days,HIGH,1.0 days,HIGH,15.9 days,5.7 days,0.0%,0.0%
Navlakhi,https://www.marinetraffic.com/en/ais/details/ports/21448/name=Navlakhi,44,0.6 days,HIGH,0.8 days,HIGH,1.3 days,1.5 days,20.0%,33.3%
Mundra,https://www.marinetraffic.com/en/ais/details/ports/268/name=Mundra,44,0.3 days,HIGH,1.1 days,HIGH,1.0 days,1.2 days,0.0%,22.2%
Mumbai,https://www.marinetraffic.com/en/ais/details/ports/2341/name=Mumbai,44,0.7 days,HIGH,0.5 days,HIGH,2.2 days,1.4 days,-12.5%,-66.7%
Muldwarka,https://www.marinetraffic.com/en/ais/details/ports/3077/name=Muldwarka,44,LOW,18.5 days,LOW,3.4 days,58.1%,-,-,-
Mormugao,https://www.marinetraffic.com/en/ais/details/ports/561/name=Mormugao,44,0.6 days,MEDIUM,1.8 days,MEDIUM,0.6 days,1.0 days,500.0%,-18.2%
Mangalore,https://www.marinetraffic.com/en/ais/details/ports/17383/name=Mangalore,44,1.2 days,LOW,1.6 days,LOW,1.8 days,1.7 days,20.0%,6.7%
Magdalla,https://www.marinetraffic.com/en/ais/details/ports/19704/name=Magdalla,44,0.1 days,MEDIUM,0.5 days,MEDIUM,0.1 days,0.0 days,-50.0%,-50.0%
Krishnapatnam,https://www.marinetraffic.com/en/ais/details/ports/1317/name=Krishnapatnam,44,0.5 days,LOW,3.2 days,LOW,0.4 days,3.2 days,0.0%,190.9%
Kolkata,https://www.marinetraffic.com/en/ais/details/ports/2806/name=Kolkata,44,1.0 days,LOW,2.8 days,LOW,1.4 days,2.6 days,11.1%,0.0%
Kochi,https://www.marinetraffic.com/en/ais/details/ports/2990/name=Kochi,44,0.5 days,LOW,1.0 days,LOW,3.2 days,1.6 days,25.0%,11.1%
Kattupalli,https://www.marinetraffic.com/en/ais/details/ports/18979/name=Kattupalli,44,LOW,0.9 days,LOW,0.5 days,80.0%,-,-,-
Karwar,https://www.marinetraffic.com/en/ais/details/ports/557/name=Karwar,44,LOW,3.3 days,LOW,83.3%,-,-,-,-
Karaikal,https://www.marinetraffic.com/en/ais/details/ports/18978/name=Karaikal,44,0.5 days,LOW,4.9 days,LOW,2.5 days,157.9%,-,-
Kandla,https://www.marinetraffic.com/en/ais/details/ports/269/name=Kandla,44,1.5 days,HIGH,1.7 days,HIGH,3.3 days,2.8 days,-16.7%,6.3%
Kakinada,https://www.marinetraffic.com/en/ais/details/ports/18914/name=Kakinada,44,0.2 days,LOW,2.5 days,LOW,0.5 days,17.4 days,-92.0%,-16.7%
Jaigad,https://www.marinetraffic.com/en/ais/details/ports/18951/name=Jaigad,44,0.3 days,LOW,0.5 days,LOW,0.5 days,0.0%,-37.5%,-
Jafrabad,https://www.marinetraffic.com/en/ais/details/ports/3078/name=Jafrabad,44,0.2 days,LOW,0.8 days,LOW,0.7 days,0.8 days,-66.7%,33.3%
Hazira,https://www.marinetraffic.com/en/ais/details/ports/537/name=Hazira,44,0.8 days,HIGH,1.1 days,HIGH,2.3 days,4.6 days,-38.5%,0.0%
Haldia,https://www.marinetraffic.com/en/ais/details/ports/18985/name=Haldia,44,1.0 days,MEDIUM,1.5 days,MEDIUM,2.1 days,1.1 days,-44.4%,-25.0%
Ghogha,https://www.marinetraffic.com/en/ais/details/ports/22248/name=Ghogha,44,MEDIUM,9.7 days,MEDIUM,0.3 days,-,-,-,-
Gangavaram,https://www.marinetraffic.com/en/ais/details/ports/18980/name=Gangavaram,44,0.5 days,MEDIUM,3.5 days,MEDIUM,0.4 days,1.4 days,0.0%,52.2%
Ennore,https://www.marinetraffic.com/en/ais/details/ports/791/name=Ennore,44,0.9 days,LOW,1.0 days,LOW,1.3 days,0.9 days,-18.2%,-23.1%
Dharamtar,https://www.marinetraffic.com/en/ais/details/ports/21601/name=Dharamtar,44,1.1 days,HIGH,0.5 days,HIGH,1.6 days,0.5 days,-38.9%,0.0%
Dhamra,https://www.marinetraffic.com/en/ais/details/ports/20607/name=Dhamra,44,1.5 days,HIGH,3.0 days,HIGH,2.1 days,1.8 days,25.0%,0.0%
Dahej,https://www.marinetraffic.com/en/ais/details/ports/535/name=Dahej,44,0.0 days,LOW,1.0 days,LOW,1.6 days,0.0%,-23.1%,-
Dabhol,https://www.marinetraffic.com/en/ais/details/ports/18950/name=Dabhol,44,MEDIUM,1.1 days,MEDIUM,0.0%,-,-,-,-
Cuddalore,https://www.marinetraffic.com/en/ais/details/ports/24893/name=Cuddalore,44,LOW,0.9 days,LOW,-52.6%,-,-,-,-
Chennai,https://www.marinetraffic.com/en/ais/details/ports/792/name=Chennai,44,0.2 days,LOW,1.8 days,LOW,2.1 days,2.0 days,-50.0%,-10.0%
Bhavnagar new port,https://www.marinetraffic.com/en/ais/details/ports/22247/name=Bhavnagar-new-port,44,0.3 days,MEDIUM,0.1 days,MEDIUM,0.0 days,0.0 days,0.0%,0.0%
Beypore,https://www.marinetraffic.com/en/ais/details/ports/18969/name=Beypore,44,0.4 days,MEDIUM,3.0 days,MEDIUM,0.4 days,20.6 days,100.0%,-18.9%
Visakhapatnam,https://www.marinetraffic.com/en/ais/details/ports/3048/name=Visakhapatnam,43,1.4 days,HIGH,2.8 days,HIGH,3.3 days,5.7 days,7.7%,40.0%
Vadinar,https://www.marinetraffic.com/en/ais/details/ports/559/name=Vadinar,43,1.4 days,LOW,1.8 days,LOW,1.5 days,0.5 days,75.0%,38.5%
Tuticorin,https://www.marinetraffic.com/en/ais/details/ports/2986/name=Tuticorin,43,0.3 days,LOW,1.3 days,LOW,2.6 days,1.8 days,-40.0%,-38.1%
Sikka,https://www.marinetraffic.com/en/ais/details/ports/560/name=Sikka,43,1.6 days,LOW,1.4 days,LOW,1.8 days,0.7 days,14.3%,-6.7%
Ratnagiri,https://www.marinetraffic.com/en/ais/details/ports/18952/name=Ratnagiri,43,LOW,0.5 days,LOW,0.1 days,-50.0%,-,-,-
Ranpar,https://www.marinetraffic.com/en/ais/details/ports/18953/name=Ranpar,43,0.5 days,LOW,1.4 days,LOW,0.6 days,-,-,-
Port blair,https://www.marinetraffic.com/en/ais/details/ports/21891/name=Port-blair,43,MEDIUM,1.4 days,MEDIUM,1.1 days,-,-,-,-
Porbandar,https://www.marinetraffic.com/en/ais/details/ports/538/name=Porbandar,43,5.6 days,LOW,1.4 days,LOW,2.1 days,330.8%,-17.6%,-
Pipavav,https://www.marinetraffic.com/en/ais/details/ports/533/name=Pipavav,43,2.6 days,LOW,0.6 days,LOW,1.6 days,0.7 days,73.3%,-40.0%
Paradip,https://www.marinetraffic.com/en/ais/details/ports/17379/name=Paradip,43,0.8 days,LOW,1.9 days,LOW,3.9 days,5.2 days,0.0%,18.8%
Panaji,https://www.marinetraffic.com/en/ais/details/ports/18956/name=Panaji,43,0.5 days,LOW,1.5 days,LOW,0.0%,7.1%,-,-
Nhava sheva,https://www.marinetraffic.com/en/ais/details/ports/2713/name=Nhava-sheva,43,0.6 days,HIGH,1.0 days,HIGH,1.6 days,1.3 days,0.0%,11.1%
Navlakhi,https://www.marinetraffic.com/en/ais/details/ports/21448/name=Navlakhi,43,0.5 days,LOW,0.6 days,LOW,1.0 days,2.8 days,0.0%,50.0%
Mundra,https://www.marinetraffic.com/en/ais/details/ports/268/name=Mundra,43,0.3 days,HIGH,0.9 days,HIGH,0.3 days,0.8 days,-66.7%,-30.8%
Mumbai,https://www.marinetraffic.com/en/ais/details/ports/2341/name=Mumbai,43,0.8 days,HIGH,1.5 days,HIGH,10.7 days,3.5 days,0.0%,15.4%
Muldwarka,https://www.marinetraffic.com/en/ais/details/ports/3077/name=Muldwarka,43,LOW,11.7 days,LOW,875.0%,-,-,-,-
Mormugao,https://www.marinetraffic.com/en/ais/details/ports/561/name=Mormugao,43,0.1 days,MEDIUM,2.2 days,MEDIUM,0.1 days,1.3 days,-96.3%,-37.1%
Mangalore,https://www.marinetraffic.com/en/ais/details/ports/17383/name=Mangalore,43,1.0 days,LOW,1.5 days,LOW,1.2 days,2.0 days,11.1%,7.1%
Magdalla,https://www.marinetraffic.com/en/ais/details/ports/19704/name=Magdalla,43,0.2 days,LOW,1.0 days,LOW,0.2 days,0.3 days,0.0%,100.0%
Krishnapatnam,https://www.marinetraffic.com/en/ais/details/ports/1317/name=Krishnapatnam,43,0.0 days,LOW,1.1 days,LOW,0.2 days,1.2 days,-100.0%,-47.6%
Kolkata,https://www.marinetraffic.com/en/ais/details/ports/2806/name=Kolkata,43,0.9 days,LOW,2.8 days,LOW,0.6 days,1.6 days,12.5%,-30.0%
Kochi,https://www.marinetraffic.com/en/ais/details/ports/2990/name=Kochi,43,0.2 days,LOW,0.8 days,LOW,0.6 days,3.2 days,-60.0%,-27.3%
Kattupalli,https://www.marinetraffic.com/en/ais/details/ports/18979/name=Kattupalli,43,LOW,0.5 days,LOW,0.5 days,-37.5%,-,-,-
Karwar,https://www.marinetraffic.com/en/ais/details/ports/557/name=Karwar,43,9.9 days,MEDIUM,1.8 days,MEDIUM,1.4 days,-57.1%,-,-
Karaikal,https://www.marinetraffic.com/en/ais/details/ports/18978/name=Karaikal,43,MEDIUM,2.8 days,MEDIUM,0.0%,-,-,-,-
Kandla,https://www.marinetraffic.com/en/ais/details/ports/269/name=Kandla,43,1.8 days,LOW,1.6 days,LOW,3.0 days,5.2 days,-28.0%,-27.3%
Kakinada,https://www.marinetraffic.com/en/ais/details/ports/18914/name=Kakinada,43,2.5 days,HIGH,3.0 days,HIGH,1.7 days,14.2 days,92.3%,-6.3%
Jaigad,https://www.marinetraffic.com/en/ais/details/ports/18951/name=Jaigad,43,0.0 days,HIGH,0.8 days,HIGH,1.9 days,-100.0%,-27.3%,-
Jafrabad,https://www.marinetraffic.com/en/ais/details/ports/3078/name=Jafrabad,43,0.6 days,LOW,0.6 days,LOW,1.1 days,0.5 days,100.0%,20.0%
Hazira,https://www.marinetraffic.com/en/ais/details/ports/537/name=Hazira,43,1.3 days,HIGH,1.1 days,HIGH,2.0 days,1.6 days,18.2%,10.0%
Haldia,https://www.marinetraffic.com/en/ais/details/ports/18985/name=Haldia,43,0.7 days,HIGH,1.5 days,HIGH,4.1 days,0.6 days,-61.1%,-25.0%
Gangavaram,https://www.marinetraffic.com/en/ais/details/ports/18980/name=Gangavaram,43,0.5 days,LOW,2.3 days,LOW,0.6 days,2.7 days,-61.5%,-58.9%
Ennore,https://www.marinetraffic.com/en/ais/details/ports/791/name=Ennore,43,1.1 days,LOW,1.3 days,LOW,1.5 days,1.0 days,22.2%,18.2%
Dighi,https://www.marinetraffic.com/en/ais/details/ports/18948/name=Dighi,43,0.9 days,MEDIUM,3.0 days,MEDIUM,0.1 days,0.4 days,12.5%,0.0%
Dharamtar,https://www.marinetraffic.com/en/ais/details/ports/21601/name=Dharamtar,43,1.8 days,HIGH,0.5 days,HIGH,1.6 days,1.4 days,28.6%,0.0%
Dhamra,https://www.marinetraffic.com/en/ais/details/ports/20607/name=Dhamra,43,1.2 days,HIGH,3.0 days,HIGH,2.7 days,1.0 days,-40.0%,-9.1%
Dahej,https://www.marinetraffic.com/en/ais/details/ports/535/name=Dahej,43,0.0 days,HIGH,1.3 days,HIGH,0.2 days,1.5 days,0.0%,-7.1%
Dabhol,https://www.marinetraffic.com/en/ais/details/ports/18950/name=Dabhol,43,LOW,1.1 days,LOW,-21.4%,-,-,-,-
Cuddalore,https://www.marinetraffic.com/en/ais/details/ports/24893/name=Cuddalore,43,LOW,1.9 days,LOW,137.5%,-,-,-,-
Chennai,https://www.marinetraffic.com/en/ais/details/ports/792/name=Chennai,43,0.4 days,LOW,2.0 days,LOW,2.3 days,5.3 days,33.3%,11.1%
Bhavnagar new port,https://www.marinetraffic.com/en/ais/details/ports/22247/name=Bhavnagar-new-port,43,0.3 days,HIGH,0.1 days,HIGH,0.2 days,0.0 days,0.0%,0.0%
Beypore,https://www.marinetraffic.com/en/ais/details/ports/18969/name=Beypore,43,0.2 days,MEDIUM,3.7 days,MEDIUM,0.4 days,15.0 days,-60.0%,76.2%
Visakhapatnam,https://www.marinetraffic.com/en/ais/details/ports/3048/name=Visakhapatnam,42,1.3 days,HIGH,2.0 days,HIGH,2.5 days,2.7 days,18.2%,17.6%
Vadinar,https://www.marinetraffic.com/en/ais/details/ports/559/name=Vadinar,42,0.8 days,LOW,1.3 days,LOW,2.3 days,0.8 days,-11.1%,-18.8%
Tuticorin,https://www.marinetraffic.com/en/ais/details/ports/2986/name=Tuticorin,42,0.5 days,LOW,2.1 days,LOW,1.3 days,4.2 days,-,-
Sikka,https://www.marinetraffic.com/en/ais/details/ports/560/name=Sikka,42,1.4 days,HIGH,1.5 days,HIGH,2.4 days,0.8 days,0.0%,0.0%
Ratnagiri,https://www.marinetraffic.com/en/ais/details/ports/18952/name=Ratnagiri,42,0.5 days,LOW,1.0 days,LOW,-93.7%,233.3%,-,-
Port blair,https://www.marinetraffic.com/en/ais/details/ports/21891/name=Port-blair,42,LOW,4.8 days,LOW,1.4 days,84.6%,-,-,-
Porbandar,https://www.marinetraffic.com/en/ais/details/ports/538/name=Porbandar,42,0.3 days,MEDIUM,2.0 days,MEDIUM,0.0%,-33.3%,-,-
Pipavav,https://www.marinetraffic.com/en/ais/details/ports/533/name=Pipavav,42,1.5 days,LOW,1.0 days,LOW,1.2 days,400.0%,25.0%,-
Paradip,https://www.marinetraffic.com/en/ais/details/ports/17379/name=Paradip,42,0.8 days,LOW,1.6 days,LOW,2.3 days,1.6 days,-33.3%,-5.9%
Panaji,https://www.marinetraffic.com/en/ais/details/ports/18956/name=Panaji,42,0.5 days,MEDIUM,1.4 days,MEDIUM,0.0 days,1.6 days,150.0%,27.3%
Nhava sheva,https://www.marinetraffic.com/en/ais/details/ports/2713/name=Nhava-sheva,42,0.6 days,LOW,0.9 days,LOW,2.7 days,0.5 days,-25.0%,-10.0%
Navlakhi,https://www.marinetraffic.com/en/ais/details/ports/21448/name=Navlakhi,42,0.5 days,LOW,0.4 days,LOW,0.1 days,0.8 days,-16.7%,100.0%
Mundra,https://www.marinetraffic.com/en/ais/details/ports/268/name=Mundra,42,0.2 days,HIGH,1.0 days,HIGH,1.8 days,3.0 days,-33.3%,-23.1%
Mumbai,https://www.marinetraffic.com/en/ais/details/ports/2341/name=Mumbai,42,0.8 days,LOW,1.3 days,LOW,2.8 days,2.4 days,-20.0%,30.0%
Muldwarka,https://www.marinetraffic.com/en/ais/details/ports/3077/name=Muldwarka,42,MEDIUM,1.2 days,MEDIUM,-25.0%,-,-,-,-
Mormugao,https://www.marinetraffic.com/en/ais/details/ports/561/name=Mormugao,42,0.3 days,LOW,1.2 days,LOW,2.7 days,-80.0%,-40.0%,-
Mangalore,https://www.marinetraffic.com/en/ais/details/ports/17383/name=Mangalore,42,0.9 days,LOW,1.4 days,LOW,1.7 days,0.8 days,-57.1%,7.7%
Magdalla,https://www.marinetraffic.com/en/ais/details/ports/19704/name=Magdalla,42,0.2 days,LOW,0.5 days,LOW,0.2 days,0.3 days,0.0%,-50.0%
Krishnapatnam,https://www.marinetraffic.com/en/ais/details/ports/1317/name=Krishnapatnam,42,0.6 days,LOW,2.4 days,LOW,1.6 days,1.0 days,50.0%,14.3%
Kolkata,https://www.marinetraffic.com/en/ais/details/ports/2806/name=Kolkata,42,0.8 days,LOW,4.0 days,LOW,1.9 days,9.1 days,14.3%,5.3%
Kochi,https://www.marinetraffic.com/en/ais/details/ports/2990/name=Kochi,42,0.5 days,LOW,1.1 days,LOW,1.3 days,9.5 days,25.0%,22.2%
Kattupalli,https://www.marinetraffic.com/en/ais/details/ports/18979/name=Kattupalli,42,0.7 days,LOW,0.8 days,LOW,3.4 days,33.3%,-,-
Karaikal,https://www.marinetraffic.com/en/ais/details/ports/18978/name=Karaikal,42,LOW,1.5 days,LOW,-25.0%,-,-,-,-
Kandla,https://www.marinetraffic.com/en/ais/details/ports/269/name=Kandla,42,2.5 days,LOW,2.2 days,LOW,3.0 days,2.0 days,-44.4%,22.2%
Kakinada,https://www.marinetraffic.com/en/ais/details/ports/18914/name=Kakinada,42,1.3 days,MEDIUM,3.2 days,MEDIUM,5.4 days,6.3 days,0.0%,77.8%
Jaigad,https://www.marinetraffic.com/en/ais/details/ports/18951/name=Jaigad,42,0.9 days,LOW,1.1 days,LOW,0.8 days,0.7 days,200.0%,120.0%
Jafrabad,https://www.marinetraffic.com/en/ais/details/ports/3078/name=Jafrabad,42,0.3 days,HIGH,0.5 days,HIGH,0.3 days,0.2 days,50.0%,66.7%
Hazira,https://www.marinetraffic.com/en/ais/details/ports/537/name=Hazira,42,1.9 days,HIGH,1.1 days,HIGH,4.5 days,1.2 days,72.7%,10.0%
Haldia,https://www.marinetraffic.com/en/ais/details/ports/18985/name=Haldia,42,1.8 days,MEDIUM,2.0 days,MEDIUM,1.7 days,1.2 days,12.5%,0.0%
Gangavaram,https://www.marinetraffic.com/en/ais/details/ports/18980/name=Gangavaram,42,0.9 days,LOW,2.0 days,LOW,0.8 days,1.2 days,-30.8%,-64.3%
Ennore,https://www.marinetraffic.com/en/ais/details/ports/791/name=Ennore,42,0.9 days,LOW,1.1 days,LOW,2.2 days,5.1 days,-50.0%,-15.4%
Dharamtar,https://www.marinetraffic.com/en/ais/details/ports/21601/name=Dharamtar,42,1.4 days,HIGH,0.5 days,HIGH,1.8 days,2.4 days,-6.7%,0.0%
Dhamra,https://www.marinetraffic.com/en/ais/details/ports/20607/name=Dhamra,42,2.0 days,MEDIUM,3.3 days,MEDIUM,1.8 days,1.9 days,100.0%,-5.7%
Dahej,https://www.marinetraffic.com/en/ais/details/ports/535/name=Dahej,42,0.0 days,MEDIUM,1.4 days,MEDIUM,0.1 days,1.0 days,0.0%,-
Dabhol,https://www.marinetraffic.com/en/ais/details/ports/18950/name=Dabhol,42,LOW,1.4 days,LOW,16.7%,-,-,-,-
Chennai,https://www.marinetraffic.com/en/ais/details/ports/792/name=Chennai,42,0.3 days,HIGH,1.8 days,HIGH,1.7 days,5.1 days,-40.0%,0.0%
Bhavnagar new port,https://www.marinetraffic.com/en/ais/details/ports/22247/name=Bhavnagar-new-port,42,0.3 days,HIGH,0.1 days,HIGH,0.1 days,1.5 days,50.0%,0.0%
Beypore,https://www.marinetraffic.com/en/ais/details/ports/18969/name=Beypore,42,0.5 days,LOW,9.9 days,LOW,11.1 days,-16.7%,395.0%,-
Visakhapatnam,https://www.marinetraffic.com/en/ais/details/ports/3048/name=Visakhapatnam,41,1.1 days,HIGH,1.7 days,HIGH,1.9 days,2.8 days,-15.4%,-15.0%
Vadinar,https://www.marinetraffic.com/en/ais/details/ports/559/name=Vadinar,41,0.9 days,MEDIUM,1.6 days,MEDIUM,0.7 days,0.4 days,-47.1%,-11.1%
Tuticorin,https://www.marinetraffic.com/en/ais/details/ports/2986/name=Tuticorin,41,0.2 days,LOW,2.3 days,LOW,0.7 days,2.4 days,-33.3%,15.0%
Sikka,https://www.marinetraffic.com/en/ais/details/ports/560/name=Sikka,41,1.4 days,LOW,1.5 days,LOW,2.2 days,0.7 days,-22.2%,-6.3%
Ratnagiri,https://www.marinetraffic.com/en/ais/details/ports/18952/name=Ratnagiri,41,7.9 days,LOW,0.3 days,LOW,0.5 days,17.9%,-66.7%,-
Ranpar,https://www.marinetraffic.com/en/ais/details/ports/18953/name=Ranpar,41,0.4 days,LOW,0.4 days,LOW,0.3 days,0.6 days,33.3%,-42.9%
Port blair,https://www.marinetraffic.com/en/ais/details/ports/21891/name=Port-blair,41,MEDIUM,2.6 days,MEDIUM,0.7 days,85.7%,-,-,-
Porbandar,https://www.marinetraffic.com/en/ais/details/ports/538/name=Porbandar,41,3.2 days,MEDIUM,2.8 days,MEDIUM,-,-,-,-
Pipavav,https://www.marinetraffic.com/en/ais/details/ports/533/name=Pipavav,41,0.3 days,LOW,0.8 days,LOW,0.6 days,0.9 days,-81.3%,33.3%
Paradip,https://www.marinetraffic.com/en/ais/details/ports/17379/name=Paradip,41,1.2 days,LOW,1.7 days,LOW,3.9 days,1.2 days,-7.7%,6.3%
Nhava sheva,https://www.marinetraffic.com/en/ais/details/ports/2713/name=Nhava-sheva,41,0.8 days,HIGH,1.0 days,HIGH,5.7 days,3.1 days,100.0%,0.0%
Navlakhi,https://www.marinetraffic.com/en/ais/details/ports/21448/name=Navlakhi,41,0.6 days,LOW,0.2 days,LOW,0.8 days,0.2 days,-33.3%,-71.4%
Mundra,https://www.marinetraffic.com/en/ais/details/ports/268/name=Mundra,41,0.9 days,1.3 days,HIGH,1.9 days,1.0 days,200.0%,0.0%,
Mumbai,https://www.marinetraffic.com/en/ais/details/ports/2341/name=Mumbai,41,1.0 days,1.0 days,LOW,3.6 days,2.3 days,11.1%,42.9%,
Muldwarka,https://www.marinetraffic.com/en/ais/details/ports/3077/name=Muldwarka,41,1.6 days,MEDIUM,,-,-,-,-,-
Mormugao,https://www.marinetraffic.com/en/ais/details/ports/561/name=Mormugao,41,2.3 days,2.5 days,LOW,1.8 days,1.9 days,53.3%,25.0%,
Mangalore,https://www.marinetraffic.com/en/ais/details/ports/17383/name=Mangalore,41,2.1 days,1.3 days,HIGH,1.8 days,1.0 days,133.3%,-7.1%,
Magdalla,https://www.marinetraffic.com/en/ais/details/ports/19704/name=Magdalla,41,0.2 days,1.0 days,LOW,0.6 days,1.3 days,0.0%,100.0%,
Krishnapatnam,https://www.marinetraffic.com/en/ais/details/ports/1317/name=Krishnapatnam,41,0.4 days,LOW,2.1 days,LOW,0.4 days,1.5 days,100.0%,-27.6%
Kolkata,https://www.marinetraffic.com/en/ais/details/ports/2806/name=Kolkata,41,0.7 days,3.8 days,LOW,0.7 days,1.1 days,0.0%,18.8%,
Kochi,https://www.marinetraffic.com/en/ais/details/ports/2990/name=Kochi,41,0.4 days,0.9 days,HIGH,1.0 days,0.8 days,33.3%,-18.2%,
Kattupalli,https://www.marinetraffic.com/en/ais/details/ports/18979/name=Kattupalli,41,0.6 days,LOW,2.0 days,-25.0%,,-,-,-
Karwar,https://www.marinetraffic.com/en/ais/details/ports/557/name=Karwar,41,0.0 days,1.8 days,MEDIUM,-30.8%,,-,-,-
Karaikal,https://www.marinetraffic.com/en/ais/details/ports/18978/name=Karaikal,41,2.0 days,LOW,-16.7%,,-,-,-,-
Kandla,https://www.marinetraffic.com/en/ais/details/ports/269/name=Kandla,41,4.5 days,1.8 days,MEDIUM,3.8 days,3.5 days,55.2%,0.0%,
Kakinada,https://www.marinetraffic.com/en/ais/details/ports/18914/name=Kakinada,41,1.3 days,1.8 days,LOW,3.8 days,7.2 days,225.0%,-58.1%,
Jaigad,https://www.marinetraffic.com/en/ais/details/ports/18951/name=Jaigad,41,0.3 days,0.5 days,HIGH,1.4 days,1.1 days,-80.0%,-16.7%,
Jafrabad,https://www.marinetraffic.com/en/ais/details/ports/3078/name=Jafrabad,41,0.2 days,0.3 days,LOW,0.1 days,0.2 days,0.0%,-40.0%,
Hazira,https://www.marinetraffic.com/en/ais/details/ports/537/name=Hazira,41,1.1 days,1.0 days,HIGH,3.8 days,1.6 days,,-,-
Haldia,https://www.marinetraffic.com/en/ais/details/ports/18985/name=Haldia,41,0.8 days,2.0 days,HIGH,3.1 days,0.6 days,0.0%,0.0%,
Gangavaram,https://www.marinetraffic.com/en/ais/details/ports/18980/name=Gangavaram,41,1.3 days,5.6 days,LOW,6.9 days,-48.0%,60.0%,,-
Ennore,https://www.marinetraffic.com/en/ais/details/ports/791/name=Ennore,41,3.4 days,1.2 days,HIGH,3.7 days,1.5 days,61.9%,0.0%,
Dharamtar,https://www.marinetraffic.com/en/ais/details/ports/21601/name=Dharamtar,41,1.5 days,LOW,0.5 days,LOW,2.2 days,0.3 days,36.4%,-16.7%
Dhamra,https://www.marinetraffic.com/en/ais/details/ports/20607/name=Dhamra,41,0.3 days,LOW,1.8 days,LOW,1.4 days,-57.1%,-21.7%,-
Dahej,https://www.marinetraffic.com/en/ais/details/ports/535/name=Dahej,41,HIGH,1.4 days,HIGH,1.5 days,0.0%,-,-,-
Dabhol,https://www.marinetraffic.com/en/ais/details/ports/18950/name=Dabhol,41,MEDIUM,1.2 days,MEDIUM,9.1%,-,-,-,-
Chennai,https://www.marinetraffic.com/en/ais/details/ports/792/name=Chennai,41,0.2 days,HIGH,1.7 days,HIGH,2.7 days,2.2 days,100.0%,0.0%
Bhavnagar new port,https://www.marinetraffic.com/en/ais/details/ports/22247/name=Bhavnagar-new-port,41,0.2 days,MEDIUM,0.1 days,MEDIUM,0.0 days,0.1 days,0.0%,0.0%
Beypore,https://www.marinetraffic.com/en/ais/details/ports/18969/name=Beypore,41,0.6 days,LOW,2.0 days,LOW,1.3 days,50.0%,-67.7%,-
Visakhapatnam,https://www.marinetraffic.com/en/ais/details/ports/3048/name=Visakhapatnam,40,1.3 days,HIGH,2.0 days,HIGH,2.1 days,7.9 days,-35.0%,-4.8%
Vadinar,https://www.marinetraffic.com/en/ais/details/ports/559/name=Vadinar,40,1.7 days,MEDIUM,1.8 days,MEDIUM,5.7 days,0.7 days,112.5%,0.0%
Tuticorin,https://www.marinetraffic.com/en/ais/details/ports/2986/name=Tuticorin,40,0.3 days,LOW,2.0 days,LOW,2.1 days,3.0 days,-50.0%,42.9%
Sikka,https://www.marinetraffic.com/en/ais/details/ports/560/name=Sikka,40,1.8 days,HIGH,1.6 days,HIGH,2.7 days,3.9 days,-10.0%,-5.9%
Ratnagiri,https://www.marinetraffic.com/en/ais/details/ports/18952/name=Ratnagiri,40,6.7 days,LOW,0.9 days,LOW,6600.0%,28.6%,-,-
Ranpar,https://www.marinetraffic.com/en/ais/details/ports/18953/name=Ranpar,40,0.3 days,MEDIUM,0.7 days,MEDIUM,1.6 days,0.6 days,-,-
Port blair,https://www.marinetraffic.com/en/ais/details/ports/21891/name=Port-blair,40,MEDIUM,1.4 days,MEDIUM,1.0 days,-44.0%,-,-,-
Pipavav,https://www.marinetraffic.com/en/ais/details/ports/533/name=Pipavav,40,1.6 days,LOW,0.6 days,LOW,0.4 days,0.5 days,433.3%,-25.0%
Paradip,https://www.marinetraffic.com/en/ais/details/ports/17379/name=Paradip,40,1.3 days,LOW,1.6 days,LOW,5.7 days,2.2 days,18.2%,0.0%
Okha,https://www.marinetraffic.com/en/ais/details/ports/558/name=Okha,40,1.0 days,MEDIUM,20.0 days,MEDIUM,-66.7%,104.1%,-,-
Nhava sheva,https://www.marinetraffic.com/en/ais/details/ports/2713/name=Nhava-sheva,40,0.4 days,LOW,1.0 days,LOW,9.4 days,2.9 days,-79.0%,11.1%
Navlakhi,https://www.marinetraffic.com/en/ais/details/ports/21448/name=Navlakhi,40,0.9 days,MEDIUM,0.7 days,MEDIUM,0.3 days,5.0 days,50.0%,-72.0%
Mundra,https://www.marinetraffic.com/en/ais/details/ports/268/name=Mundra,40,0.3 days,LOW,1.3 days,LOW,0.9 days,1.5 days,-25.0%,30.0%
Mumbai,https://www.marinetraffic.com/en/ais/details/ports/2341/name=Mumbai,40,0.9 days,HIGH,0.7 days,HIGH,7.1 days,3.3 days,50.0%,-36.4%
Mormugao,https://www.marinetraffic.com/en/ais/details/ports/561/name=Mormugao,40,1.5 days,LOW,2.0 days,LOW,0.2 days,1.0 days,200.0%,-13.0%
Mangalore,https://www.marinetraffic.com/en/ais/details/ports/17383/name=Mangalore,40,0.9 days,LOW,1.4 days,LOW,1.9 days,0.8 days,-25.0%,-26.3%
Magdalla,https://www.marinetraffic.com/en/ais/details/ports/19704/name=Magdalla,40,0.2 days,LOW,0.5 days,LOW,0.7 days,0.2 days,0.0%,-16.7%
Krishnapatnam,https://www.marinetraffic.com/en/ais/details/ports/1317/name=Krishnapatnam,40,0.2 days,LOW,2.9 days,LOW,0.9 days,1.3 days,-89.5%,38.1%
Kolkata,https://www.marinetraffic.com/en/ais/details/ports/2806/name=Kolkata,40,0.7 days,LOW,3.2 days,LOW,0.8 days,2.0 days,40.0%,-8.6%
Kochi,https://www.marinetraffic.com/en/ais/details/ports/2990/name=Kochi,40,0.3 days,LOW,1.1 days,LOW,1.0 days,2.7 days,-40.0%,37.5%
Kattupalli,https://www.marinetraffic.com/en/ais/details/ports/18979/name=Kattupalli,40,0.1 days,LOW,0.9 days,LOW,0.1 days,4.1 days,12.5%,-
Karwar,https://www.marinetraffic.com/en/ais/details/ports/557/name=Karwar,40,LOW,4.2 days,LOW,-,-,-,-,-
Karaikal,https://www.marinetraffic.com/en/ais/details/ports/18978/name=Karaikal,40,LOW,1.9 days,LOW,-20.8%,-,-,-,-
Kandla,https://www.marinetraffic.com/en/ais/details/ports/269/name=Kandla,40,2.9 days,HIGH,1.8 days,HIGH,3.6 days,2.5 days,0.0%,-10.0%
Kakinada,https://www.marinetraffic.com/en/ais/details/ports/18914/name=Kakinada,40,1.3 days,LOW,5.1 days,LOW,4.7 days,16.3 days,18.2%,34.2%
Jaigad,https://www.marinetraffic.com/en/ais/details/ports/18951/name=Jaigad,40,LOW,0.4 days,LOW,0.7 days,-33.3%,-,-,-
Jafrabad,https://www.marinetraffic.com/en/ais/details/ports/3078/name=Jafrabad,40,0.2 days,HIGH,0.5 days,HIGH,0.1 days,0.1 days,-66.7%,0.0%
Hazira,https://www.marinetraffic.com/en/ais/details/ports/537/name=Hazira,40,1.2 days,HIGH,1.1 days,HIGH,4.8 days,1.4 days,-25.0%,0.0%
Haldia,https://www.marinetraffic.com/en/ais/details/ports/18985/name=Haldia,40,0.8 days,HIGH,2.0 days,HIGH,2.5 days,7.8 days,-50.0%,0.0%
Gangavaram,https://www.marinetraffic.com/en/ais/details/ports/18980/name=Gangavaram,40,0.5 days,LOW,4.3 days,LOW,0.8 days,5.0 days,0.0%,30.3%
Ennore,https://www.marinetraffic.com/en/ais/details/ports/791/name=Ennore,40,2.1 days,LOW,1.2 days,LOW,2.2 days,0.8 days,16.7%,-7.7%
Dharamtar,https://www.marinetraffic.com/en/ais/details/ports/21601/name=Dharamtar,40,1.1 days,HIGH,0.6 days,HIGH,2.2 days,4.5 days,10.0%,20.0%
Dhamra,https://www.marinetraffic.com/en/ais/details/ports/20607/name=Dhamra,40,0.7 days,LOW,2.3 days,LOW,1.0 days,-75.0%,-37.8%,-